id,first_name,middle_name,last_name,address,phone_no,role,username,password,account_id,status,created_at,updated_at
01KZRW48771BV67J8RNDGKP3AK,Elara,James,Smith,"742 Evergreen Terrace, Springfield, IL 62704",+1-555-018-1122,distributor-admin,User1234,6a3d9b79c3c96c4a38195691b180dd1d9bf7ba18f34096a32bb59c2282d20b7c,01KZRRGW1442K27HM42RTFZG1M,active,2026-08-23 16:20:11.752004+08,2026-08-23 16:20:11.752004+08
01KZRW48777JDTMGDM6JZY87AF,Caspian,Marie,Rodriguez,"123 Maple Avenue, Portland, OR 97201",+1-555-019-3344,distributor-admin,SkyWalker99,6a3d9b79c3c96c4a38195691b180dd1d9bf7ba18f34096a32bb59c2282d20b7c,01KZRRGW1442K27HM42RTFZG1M,active,2026-08-23 16:20:11.752004+08,2026-08-23 16:20:11.752004+08
01KZRW4877QESJQX4TK48W4NS1,Seraphina,Alexander,Chen,"8502 Oak Lane, Austin, TX 78701",+1-555-017-5566,distributor-user,PixelPioneer,6a3d9b79c3c96c4a38195691b180dd1d9bf7ba18f34096a32bb59c2282d20b7c,01KZRRGW1442K27HM42RTFZG1M,active,2026-08-23 16:20:11.752004+08,2026-08-23 16:20:11.752004+08
01KZRW48773GHQQ4H8241WY49R,Thatcher,Grace,Müller,"42 Cherry Blossom Court, Seattle, WA 98101",+1-555-011-8899,distributor-user,LunaRider,6a3d9b79c3c96c4a38195691b180dd1d9bf7ba18f34096a32bb59c2282d20b7c,01KZRRGW1442K27HM42RTFZG1M,active,2026-08-23 16:20:11.752004+08,2026-08-23 16:20:11.752004+08
01KZRW4877JT4P6WNFK8H35SP9,Lysandra,Theodore,Tanaka,"910 Pine Street, Miami, FL 33101",+1-555-015-2233,distributor-user,GhostCoder,6a3d9b79c3c96c4a38195691b180dd1d9bf7ba18f34096a32bb59c2282d20b7c,01KZRRGW1442K27HM42RTFZG1M,active,2026-08-23 16:20:11.752004+08,2026-08-23 16:20:11.752004+08
01KZRW4877NAVZSR88Z0ZHKRW9,Liam,William,Johnson,"4321 Birch Way, Denver, CO 80202",+1-555-016-4321,distributor-admin,NeonViper,6a3d9b79c3c96c4a38195691b180dd1d9bf7ba18f34096a32bb59c2282d20b7c,01KZRRGW14N5VHBCMAJGNJ0GJH,active,2026-08-23 16:20:11.752004+08,2026-08-23 16:20:11.752004+08
01KZRW4877B3D0MZHS3AQRJ814,Emma,Elizabeth,Williams,"567 Cedar Road, Atlanta, GA 30303",+1-555-018-9900,distributor-admin,ZenithExplorer,6a3d9b79c3c96c4a38195691b180dd1d9bf7ba18f34096a32bb59c2282d20b7c,01KZRRGW14N5VHBCMAJGNJ0GJH,active,2026-08-23 16:20:11.752004+08,2026-08-23 16:20:11.752004+08
01KZRW4877EFAE21HQ86WYE6X8,Noah,Julian,Brown,"890 Willow Lane, Boston, MA 02108",+1-555-012-7788,distributor-user,FrostByte,6a3d9b79c3c96c4a38195691b180dd1d9bf7ba18f34096a32bb59c2282d20b7c,01KZRRGW14N5VHBCMAJGNJ0GJH,active,2026-08-23 16:20:11.752004+08,2026-08-23 16:20:11.752004+08
01KZRW4877G0YHH3T1F43JMJ4N,Olivia,Sophia,Garcia,"112 Spruce Court, Phoenix, AZ 85001",+1-555-013-4455,distributor-user,ShadowStep,6a3d9b79c3c96c4a38195691b180dd1d9bf7ba18f34096a32bb59c2282d20b7c,01KZRRGW14N5VHBCMAJGNJ0GJH,active,2026-08-23 16:20:11.752004+08,2026-08-23 16:20:11.752004+08
01KZRW4877ZVCRK1H9RNQPG5NR,James,Gabriel,Miller,"334 Juniper Street, Las Vegas, NV 89101",+1-555-015-6677,distributor-user,MysticMaven,6a3d9b79c3c96c4a38195691b180dd1d9bf7ba18f34096a32bb59c2282d20b7c,01KZRRGW14N5VHBCMAJGNJ0GJH,active,2026-08-23 16:20:11.752004+08,2026-08-23 16:20:11.752004+08
01KZRW4877ASYYCMJDQ4ZM72CY,Sophia,Benjamin,Davis,"4321 Birch Way, Denver, CO 80202",+1-555-012-3456,distributor-admin,OrbitSeeker,6a3d9b79c3c96c4a38195691b180dd1d9bf7ba18f34096a32bb59c2282d20b7c,01KZRRGW14N56M3HGFGXE3FN5T,active,2026-08-23 16:20:11.752004+08,2026-08-23 16:20:11.752004+08
01KZRW4877TRFEBWEFKEZC1X5H,Lucas,Catherine,Martinez,"567 Cedar Road, Atlanta, GA 30303",+1-555-019-8765,distributor-admin,Velocix7,6a3d9b79c3c96c4a38195691b180dd1d9bf7ba18f34096a32bb59c2282d20b7c,01KZRRGW14N56M3HGFGXE3FN5T,active,2026-08-23 16:20:11.752004+08,2026-08-23 16:20:11.752004+08
01KZRW4877BKP2FRH1B8G1CTC9,Isabella,Sebastian,Hernandez,"890 Willow Lane, Boston, MA 02108",+1-555-011-2233,distributor-user,NovaPulse,6a3d9b79c3c96c4a38195691b180dd1d9bf7ba18f34096a32bb59c2282d20b7c,01KZRRGW14N56M3HGFGXE3FN5T,active,2026-08-23 16:20:11.752004+08,2026-08-23 16:20:11.752004+08
01KZRW4877NYSZZ4VFYZTN4ES1,Ethan,Isabella,Lopez,"112 Spruce Court, Phoenix, AZ 85001",+1-555-014-5566,distributor-user,EchoStream,6a3d9b79c3c96c4a38195691b180dd1d9bf7ba18f34096a32bb59c2282d20b7c,01KZRRGW14N56M3HGFGXE3FN5T,active,2026-08-23 16:20:11.752004+08,2026-08-23 16:20:11.752004+08
01KZRW4877SVSEW2MKDM1JJJMY,Ava,Nathaniel,Gonzalez,"334 Juniper Street, Las Vegas, NV 89101",+1-555-017-8899,distributor-user,TitanWave,6a3d9b79c3c96c4a38195691b180dd1d9bf7ba18f34096a32bb59c2282d20b7c,01KZRRGW14N56M3HGFGXE3FN5T,active,2026-08-23 16:20:11.752004+08,2026-08-23 16:20:11.752004+08
01KZRW4877DZMG7S8EQEYF7D89,Savanah,Beatty,Blick,"40986 Goldner Passage, East Ashaton, Maryland",302.927.9064 x54224,franchisee-admin,savanah-blick,6a3d9b79c3c96c4a38195691b180dd1d9bf7ba18f34096a32bb59c2282d20b7c,01KZRRGW14KMGR1H2QPNVXB420,active,2026-08-23 16:20:11.752004+08,2026-08-23 16:20:11.752004+08
01KZRW48779V159SGJGWDHBYTJ,Kira,Hane,Reinger,"2011 Mellie Dam, Flaviochester, Delaware",352.815.4155 x45988,franchisee-user,kira-reinger,6a3d9b79c3c96c4a38195691b180dd1d9bf7ba18f34096a32bb59c2282d20b7c,01KZRRGW14KMGR1H2QPNVXB420,active,2026-08-23 16:20:11.752004+08,2026-08-23 16:20:11.752004+08
01KZRW4877HTTETZMDFBTY9TG8,Whitney,Hilpert,Kessler,"18944 Low Road, Lake Jett, Ohio",(284) 770-2508 x03236,franchisee-user,whitney-kessler,6a3d9b79c3c96c4a38195691b180dd1d9bf7ba18f34096a32bb59c2282d20b7c,01KZRRGW14KMGR1H2QPNVXB420,active,2026-08-23 16:20:11.752004+08,2026-08-23 16:20:11.752004+08
01KZRW4877HVT4X8HFK0HTQ94N,Bernadette,Ledner,Tromp,"85795 Margret Port, Gresham, Ohio",870.469.4626 x797,franchisee-admin,bernadette-tromp,6a3d9b79c3c96c4a38195691b180dd1d9bf7ba18f34096a32bb59c2282d20b7c,01KZRRGW14KMGR1H2QPNVXB420,active,2026-08-23 16:20:11.752004+08,2026-08-23 16:20:11.752004+08
01KZRW4877B4VKB2E5TT4BWFP8,Ewell,Hartmann,Schuster,"80718 Bode Island, Elmhurst, Tennessee",410.369.8644,franchisee-user,ewell-schuster,6a3d9b79c3c96c4a38195691b180dd1d9bf7ba18f34096a32bb59c2282d20b7c,01KZRRGW14KMGR1H2QPNVXB420,active,2026-08-23 16:20:11.752004+08,2026-08-23 16:20:11.752004+08
01KZRW4877R9Q45MFW4A93MM51,Douglas,Toy-Jacobi,Cruickshank-Cremin,"6288 Central Avenue, Port Emmanuelbury, New Hampshire",1-886-239-0767 x8322,franchisee-user,douglas-cruickshank-cremin,6a3d9b79c3c96c4a38195691b180dd1d9bf7ba18f34096a32bb59c2282d20b7c,01KZRRGW143DR9TSRKKQDPRDKM,active,2026-08-23 16:20:11.752004+08,2026-08-23 16:20:11.752004+08
01KZRW48777AHPHKJ81KF0SBSV,Spencer,Crist,Koss,"589 Maggio Trafficway, Riceworth, Alabama",(873) 897-4423 x2438,franchisee-admin,spencer-koss,6a3d9b79c3c96c4a38195691b180dd1d9bf7ba18f34096a32bb59c2282d20b7c,01KZRRGW143DR9TSRKKQDPRDKM,active,2026-08-23 16:20:11.752004+08,2026-08-23 16:20:11.752004+08
01KZRW4877JD5H1HZVRFSFTM98,Green,Emmerich,Schmitt,"881 Broderick Mall, Kadeboro, Kansas",(631) 939-6096,franchisee-user,green-schmitt,6a3d9b79c3c96c4a38195691b180dd1d9bf7ba18f34096a32bb59c2282d20b7c,01KZRRGW143DR9TSRKKQDPRDKM,active,2026-08-23 16:20:11.752004+08,2026-08-23 16:20:11.752004+08
01KZRW4877HQV77AK3B14GNXZ1,Bud,Kuhic,Stracke,"32345 Kirstin Way, Rocklin, Michigan",1-594-920-8284 x29169,franchisee-user,bud-stracke,6a3d9b79c3c96c4a38195691b180dd1d9bf7ba18f34096a32bb59c2282d20b7c,01KZRRGW143DR9TSRKKQDPRDKM,active,2026-08-23 16:20:11.752004+08,2026-08-23 16:20:11.752004+08
01KZRW48778GNNZ5BFJZ0VXNNN,Alessandro,Nikolaus,Roob,"815 Roberts Dale, West Tomasa, Maryland",1-565-996-7145 x2697,franchisee-admin,alessandro-roob,6a3d9b79c3c96c4a38195691b180dd1d9bf7ba18f34096a32bb59c2282d20b7c,01KZRRGW143DR9TSRKKQDPRDKM,active,2026-08-23 16:20:11.752004+08,2026-08-23 16:20:11.752004+08
01KZRW4877Z8TPYQZSPSR7KQ3R,Aglae,Lind,Gislason,"138 The Limes, Sylvanstad, Ohio",577.660.7627 x6714,franchisee-user,aglae-gislason,6a3d9b79c3c96c4a38195691b180dd1d9bf7ba18f34096a32bb59c2282d20b7c,01KZRRGW14MXEWF9HMYNXVS5ER,active,2026-08-23 16:20:11.752004+08,2026-08-23 16:20:11.752004+08
01KZRW4877V0J57H3JPGGS28WZ,Gertrude,Watsica,Christiansen,"2180 Streich Parks, South Pascale, Virginia",1-986-984-1832 x657,franchisee-user,gertrude-christiansen,6a3d9b79c3c96c4a38195691b180dd1d9bf7ba18f34096a32bb59c2282d20b7c,01KZRRGW14MXEWF9HMYNXVS5ER,active,2026-08-23 16:20:11.752004+08,2026-08-23 16:20:11.752004+08
01KZRW4877S7NXK01W1S3HFM9Z,Oran,Mosciski,Stokes-Kozey,"4690 Brooke Mall, Perth Amboy, New Mexico",(946) 252-3816,franchisee-admin,oran-stokes-kozey,6a3d9b79c3c96c4a38195691b180dd1d9bf7ba18f34096a32bb59c2282d20b7c,01KZRRGW14MXEWF9HMYNXVS5ER,active,2026-08-23 16:20:11.752004+08,2026-08-23 16:20:11.752004+08
01KZRW4877T3XV4P4JY2BTWW8J,Meagan,Murazik,Schoen,"288 Hector Hills, Castle Rock, New Jersey",328.566.8611 x4030,franchisee-user,meagan-schoen,6a3d9b79c3c96c4a38195691b180dd1d9bf7ba18f34096a32bb59c2282d20b7c,01KZRRGW14MXEWF9HMYNXVS5ER,active,2026-08-23 16:20:11.752004+08,2026-08-23 16:20:11.752004+08
01KZRW4877VA8TBBCFWH8TVEM7,Doris,Witting,Anderson,"11027 Don Crest, Opalshire, South Carolina",(578) 460-4500,franchisee-user,doris-anderson,6a3d9b79c3c96c4a38195691b180dd1d9bf7ba18f34096a32bb59c2282d20b7c,01KZRRGW14MXEWF9HMYNXVS5ER,active,2026-08-23 16:20:11.752004+08,2026-08-23 16:20:11.752004+08
01KZRW48773C4ZFCJ993MWDQBY,Joel,Goyette,Kovacek,"7790 Frederik Mill, West Zoeycester, Tennessee",(403) 735-2551 x463,franchisee-admin,joel-kovacek,6a3d9b79c3c96c4a38195691b180dd1d9bf7ba18f34096a32bb59c2282d20b7c,01KZRRGW14DC1V4DFEXXX74JBW,active,2026-08-23 16:20:11.752004+08,2026-08-23 16:20:11.752004+08
01KZRW4877K9M9E39HTSQE6N4Q,Pedro,Lakin,Grant,"43006 Cyrus Unions, New Brunswick, Idaho",936.357.9276 x95793,franchisee-user,pedro-grant,6a3d9b79c3c96c4a38195691b180dd1d9bf7ba18f34096a32bb59c2282d20b7c,01KZRRGW14DC1V4DFEXXX74JBW,active,2026-08-23 16:20:11.752004+08,2026-08-23 16:20:11.752004+08
01KZRW4877AMSR96T952JSFTS6,Jamaal,Aufderhar,Osinski,"9646 Roman Road, Des Plaines, Mississippi",246.280.7846 x76442,franchisee-user,jamaal-osinski,6a3d9b79c3c96c4a38195691b180dd1d9bf7ba18f34096a32bb59c2282d20b7c,01KZRRGW14DC1V4DFEXXX74JBW,active,2026-08-23 16:20:11.752004+08,2026-08-23 16:20:11.752004+08
01KZRW4877G39D68T0PQZ5M81A,Cecile,Brekke,Nolan,"28471 Blind Lane, Alethaworth, Ohio",1-251-763-4670 x6165,franchisee-admin,cecile-nolan,6a3d9b79c3c96c4a38195691b180dd1d9bf7ba18f34096a32bb59c2282d20b7c,01KZRRGW14DC1V4DFEXXX74JBW,active,2026-08-23 16:20:11.752004+08,2026-08-23 16:20:11.752004+08
01KZRW4877570TMPXQJ6F3CTPG,Malachi,Rolfson,Armstrong,"849 Hawthorn Avenue, Ortizmouth, Wyoming",1-387-336-6972,franchisee-user,malachi-armstrong,6a3d9b79c3c96c4a38195691b180dd1d9bf7ba18f34096a32bb59c2282d20b7c,01KZRRGW14DC1V4DFEXXX74JBW,active,2026-08-23 16:20:11.752004+08,2026-08-23 16:20:11.752004+08
01KZRW48771S3VZMTY431CY71G,Pietro,Schuster,Lehner,"777 Daniela Crossing, South Damionworth, Vermont",591.466.8637 x296,franchisee-user,pietro-lehner,6a3d9b79c3c96c4a38195691b180dd1d9bf7ba18f34096a32bb59c2282d20b7c,01KZRRGW14KBMMYGKVHMX9RQD8,active,2026-08-23 16:20:11.752004+08,2026-08-23 16:20:11.752004+08
01KZRW4877RJWA8G8EVGD5AKV5,Lowell,Boyle,Bernhard,"9607 Houston Unions, Utica, Connecticut",1-790-204-9006,franchisee-admin,lowell-bernhard,6a3d9b79c3c96c4a38195691b180dd1d9bf7ba18f34096a32bb59c2282d20b7c,01KZRRGW14KBMMYGKVHMX9RQD8,active,2026-08-23 16:20:11.752004+08,2026-08-23 16:20:11.752004+08
01KZRW48779R4JNZ47ZW2T3PQB,Beulah,Waelchi,Schuppe,"140 Johnston Corners, Ilastad, Oklahoma",(307) 418-6933 x26775,franchisee-user,beulah-schuppe,6a3d9b79c3c96c4a38195691b180dd1d9bf7ba18f34096a32bb59c2282d20b7c,01KZRRGW14KBMMYGKVHMX9RQD8,active,2026-08-23 16:20:11.752004+08,2026-08-23 16:20:11.752004+08
01KZRW4877D0MJ7B5AT3RZ0G0Q,Arnulfo,Hammes,Ruecker,"64556 Korey Club, Port Jeramy, Kansas",(474) 290-9086 x86469,franchisee-user,arnulfo-ruecker,6a3d9b79c3c96c4a38195691b180dd1d9bf7ba18f34096a32bb59c2282d20b7c,01KZRRGW14KBMMYGKVHMX9RQD8,active,2026-08-23 16:20:11.752004+08,2026-08-23 16:20:11.752004+08
01KZRW48773TK4Y7T9N1T5N0JM,Treva,Green,Wilkinson,"907 Veum Park, Johnsonport, Connecticut",1-212-562-2738 x818,franchisee-admin,treva-wilkinson,6a3d9b79c3c96c4a38195691b180dd1d9bf7ba18f34096a32bb59c2282d20b7c,01KZRRGW14KBMMYGKVHMX9RQD8,active,2026-08-23 16:20:11.752004+08,2026-08-23 16:20:11.752004+08
01KZRW48774A2DK7QW4RW8GRQD,Lydia,Lebsack,Watsica,"93708 Deborah Villages, Arvada, Arizona",1-428-840-1783 x2577,franchisee-user,lydia-watsica,6a3d9b79c3c96c4a38195691b180dd1d9bf7ba18f34096a32bb59c2282d20b7c,01KZRRGW149RPSGBHQY8MZC6NF,active,2026-08-23 16:20:11.752004+08,2026-08-23 16:20:11.752004+08
01KZRW4877C5YNZ203SCBWWZXZ,Raheem,Schuster,Lueilwitz,"9405 Arvel Skyway, Danykahaven, Ohio",233.915.1496 x945,franchisee-user,raheem-lueilwitz,6a3d9b79c3c96c4a38195691b180dd1d9bf7ba18f34096a32bb59c2282d20b7c,01KZRRGW149RPSGBHQY8MZC6NF,active,2026-08-23 16:20:11.752004+08,2026-08-23 16:20:11.752004+08
01KZRW4877SRMJMM3R17R2QE73,Tremaine,Kovacek,Nolan,"588 Central Street, Port Keagan, Nebraska",310-874-1210 x10293,franchisee-admin,tremaine-nolan,6a3d9b79c3c96c4a38195691b180dd1d9bf7ba18f34096a32bb59c2282d20b7c,01KZRRGW149RPSGBHQY8MZC6NF,active,2026-08-23 16:20:11.752004+08,2026-08-23 16:20:11.752004+08
01KZRW48771VS10A2E45E408EC,Eliezer,Heathcote,Davis,"31837 Schaefer Flats, Elk Grove, Washington",1-572-968-4833,franchisee-user,eliezer-davis,6a3d9b79c3c96c4a38195691b180dd1d9bf7ba18f34096a32bb59c2282d20b7c,01KZRRGW149RPSGBHQY8MZC6NF,active,2026-08-23 16:20:11.752004+08,2026-08-23 16:20:11.752004+08
01KZRW4877FQ91CFKG4PJTR1JJ,Giles,Bernhard,O&#x27;Reilly,"46372 Wolf Key, Arianefort, Oregon",737.635.1576 x554,franchisee-user,giles-o&#x27;reilly,6a3d9b79c3c96c4a38195691b180dd1d9bf7ba18f34096a32bb59c2282d20b7c,01KZRRGW149RPSGBHQY8MZC6NF,active,2026-08-23 16:20:11.752004+08,2026-08-23 16:20:11.752004+08
01KZRW4877F027DTG1RSTES089,Raoul,Ondricka,Ruecker,"193 Green Fall, South Izabellaview, Utah",541.960.4967,franchisee-admin,raoul-ruecker,6a3d9b79c3c96c4a38195691b180dd1d9bf7ba18f34096a32bb59c2282d20b7c,01KZRRGW14K9GDB2KGW0SVFJBM,active,2026-08-23 16:20:11.752004+08,2026-08-23 16:20:11.752004+08
01KZRW4877TQ3XX3R3NF9TGABV,Helene,Dietrich,Mertz,"822 S 14th Street, Maribelborough, New Jersey",1-306-791-4755 x338,franchisee-user,helene-mertz,6a3d9b79c3c96c4a38195691b180dd1d9bf7ba18f34096a32bb59c2282d20b7c,01KZRRGW14K9GDB2KGW0SVFJBM,active,2026-08-23 16:20:11.752004+08,2026-08-23 16:20:11.752004+08
01KZRW48778X9EQJ3KN65YC121,Vance,Gleichner,Howell,"17734 Kovacek Skyway, Fort Maurineview, Utah",(668) 379-6117 x46616,franchisee-user,vance-howell,6a3d9b79c3c96c4a38195691b180dd1d9bf7ba18f34096a32bb59c2282d20b7c,01KZRRGW14K9GDB2KGW0SVFJBM,active,2026-08-23 16:20:11.752004+08,2026-08-23 16:20:11.752004+08
01KZRW4877SBDJ1EK7XZMJJQ2W,Laurence,Boyle,Haag,"14441 Ash Street, West Landenboro, Wisconsin",474-354-2934 x6771,franchisee-admin,laurence-haag,6a3d9b79c3c96c4a38195691b180dd1d9bf7ba18f34096a32bb59c2282d20b7c,01KZRRGW14K9GDB2KGW0SVFJBM,active,2026-08-23 16:20:11.752004+08,2026-08-23 16:20:11.752004+08
01KZRW487701VM9C8JDQAVM50G,Edna,Dooley,Ondricka,"7291 S Chestnut Street, Hermistonland, Utah",(631) 860-5108 x154,franchisee-user,edna-ondricka,6a3d9b79c3c96c4a38195691b180dd1d9bf7ba18f34096a32bb59c2282d20b7c,01KZRRGW14K9GDB2KGW0SVFJBM,active,2026-08-23 16:20:11.752004+08,2026-08-23 16:20:11.752004+08
01KZRW4877GVVZRA6JKSTGEVNK,Lura,Wyman-Hilpert,Lehner,"521 College Avenue, North Itzelland, Kentucky",1-982-935-4587 x84653,franchisee-user,lura-lehner,6a3d9b79c3c96c4a38195691b180dd1d9bf7ba18f34096a32bb59c2282d20b7c,01KZRRGW14J5MRZ241JHXYMPE5,active,2026-08-23 16:20:11.752004+08,2026-08-23 16:20:11.752004+08
01KZRW4877MED929DRBY96SNBC,Orrin,Bogan-Reynolds,Raynor,"50868 Jefferson Avenue, Lake Kiley, Iowa",1-306-725-6856 x16083,franchisee-admin,orrin-raynor,6a3d9b79c3c96c4a38195691b180dd1d9bf7ba18f34096a32bb59c2282d20b7c,01KZRRGW14J5MRZ241JHXYMPE5,active,2026-08-23 16:20:11.752004+08,2026-08-23 16:20:11.752004+08
01KZRW4877RK7R5ZV77193KMDQ,Cathryn,Shields,Kilback,"1782 School Lane, Jettstead, North Dakota",1-454-738-7283 x6587,franchisee-user,cathryn-kilback,6a3d9b79c3c96c4a38195691b180dd1d9bf7ba18f34096a32bb59c2282d20b7c,01KZRRGW14J5MRZ241JHXYMPE5,active,2026-08-23 16:20:11.752004+08,2026-08-23 16:20:11.752004+08
01KZRW4877Q5X4JA1EXXW4HQ9R,Markus,Schinner,Wilderman-Thompson,"9761 Pagac Greens, North Naomie, Florida",787-282-5556 x25140,franchisee-user,markus-wilderman-thompson,6a3d9b79c3c96c4a38195691b180dd1d9bf7ba18f34096a32bb59c2282d20b7c,01KZRRGW14J5MRZ241JHXYMPE5,active,2026-08-23 16:20:11.752004+08,2026-08-23 16:20:11.752004+08
01KZRW48773P9B1HDR1BKFG957,Gertrude,Jaskolski,Rogahn,"5433 Grange Road, Lewmouth, Texas",857-341-6367 x261,franchisee-admin,gertrude-rogahn,6a3d9b79c3c96c4a38195691b180dd1d9bf7ba18f34096a32bb59c2282d20b7c,01KZRRGW14J5MRZ241JHXYMPE5,active,2026-08-23 16:20:11.752004+08,2026-08-23 16:20:11.752004+08
01KZRW4877D5ZY6TAERNGTV34K,Melyna,Lehner,Lueilwitz,"5816 Oak Street, Jamiechester, Wisconsin",771.498.9409 x11945,franchisee-user,melyna-lueilwitz,6a3d9b79c3c96c4a38195691b180dd1d9bf7ba18f34096a32bb59c2282d20b7c,01KZRRGW14Z2V2BPKDSQ6DKV67,active,2026-08-23 16:20:11.752004+08,2026-08-23 16:20:11.752004+08
01KZRW4877FZ26T405N4WYZMRG,Sister,Harber,Heidenreich,"5273 S Park Street, Feilbury, Idaho",1-561-350-8015 x37078,franchisee-user,sister-heidenreich,6a3d9b79c3c96c4a38195691b180dd1d9bf7ba18f34096a32bb59c2282d20b7c,01KZRRGW14Z2V2BPKDSQ6DKV67,active,2026-08-23 16:20:11.752004+08,2026-08-23 16:20:11.752004+08
01KZRW4877W4J1M6PJM0QPSR4V,Emery,Vandervort,Denesik,"88105 Nayeli Hollow, Kurtisstead, Alaska",1-685-674-5920 x68963,franchisee-admin,emery-denesik,6a3d9b79c3c96c4a38195691b180dd1d9bf7ba18f34096a32bb59c2282d20b7c,01KZRRGW14Z2V2BPKDSQ6DKV67,active,2026-08-23 16:20:11.752004+08,2026-08-23 16:20:11.752004+08
01KZRW4877BFP4JMW1E9SHS153,Cortez,Kuvalis,Douglas,"301 9th Street, East Bernadette, Missouri",(812) 434-2821,franchisee-user,cortez-douglas,6a3d9b79c3c96c4a38195691b180dd1d9bf7ba18f34096a32bb59c2282d20b7c,01KZRRGW14Z2V2BPKDSQ6DKV67,active,2026-08-23 16:20:11.752004+08,2026-08-23 16:20:11.752004+08
01KZRW4877VZEYQPDKKQXF13AV,Ryan,Torphy-Hirthe,Prohaska,"937 Myrtice Summit, Lake Matilde, New York",(851) 983-4484,franchisee-user,ryan-prohaska,6a3d9b79c3c96c4a38195691b180dd1d9bf7ba18f34096a32bb59c2282d20b7c,01KZRRGW14Z2V2BPKDSQ6DKV67,active,2026-08-23 16:20:11.752004+08,2026-08-23 16:20:11.752004+08
01KZRW48779CWAQ752ZGCV7AN3,Wava,Breitenberg,Kassulke,"135 Glover Roads, Jadenboro, Idaho",(723) 548-3828,franchisee-admin,wava-kassulke,6a3d9b79c3c96c4a38195691b180dd1d9bf7ba18f34096a32bb59c2282d20b7c,01KZRRGW142RC6MARTSS19R7GK,active,2026-08-23 16:20:11.752004+08,2026-08-23 16:20:11.752004+08
01KZRW4877YEX8C3RH16STZ2B2,Wilford,O&#x27;Reilly,Witting,"156 O&#x27;Keefe Branch, New Kane, Iowa",686-420-9705 x697,franchisee-user,wilford-witting,6a3d9b79c3c96c4a38195691b180dd1d9bf7ba18f34096a32bb59c2282d20b7c,01KZRRGW142RC6MARTSS19R7GK,active,2026-08-23 16:20:11.752004+08,2026-08-23 16:20:11.752004+08
01KZRW4877QYTMJX48NHFYBFCC,Ned,Waelchi,MacGyver,"87319 Milton Road, South Guadalupe, North Dakota",(962) 861-7767 x643,franchisee-user,ned-macgyver,6a3d9b79c3c96c4a38195691b180dd1d9bf7ba18f34096a32bb59c2282d20b7c,01KZRRGW142RC6MARTSS19R7GK,active,2026-08-23 16:20:11.752004+08,2026-08-23 16:20:11.752004+08
01KZRW48770HAGRX3Y72BY1D43,Rodolfo,Lehner,Harris,"415 Deshaun Mount, Perth Amboy, New Hampshire",(276) 524-4352 x837,franchisee-admin,rodolfo-harris,6a3d9b79c3c96c4a38195691b180dd1d9bf7ba18f34096a32bb59c2282d20b7c,01KZRRGW142RC6MARTSS19R7GK,active,2026-08-23 16:20:11.752004+08,2026-08-23 16:20:11.752004+08
01KZRW4877J6H9QTAKXMT8A2FE,Kaleigh,Huels,Ziemann,"106 Leatha Field, Fort Merlestad, South Dakota",418-857-3834 x598,franchisee-user,kaleigh-ziemann,6a3d9b79c3c96c4a38195691b180dd1d9bf7ba18f34096a32bb59c2282d20b7c,01KZRRGW142RC6MARTSS19R7GK,active,2026-08-23 16:20:11.752004+08,2026-08-23 16:20:11.752004+08
01KZRW48778HEX0CCC1CXQ27DR,Nestor,Jast,Rosenbaum,"10338 Harris Centers, South Loyal, West Virginia",369.283.8066 x726,franchisee-user,nestor-rosenbaum,6a3d9b79c3c96c4a38195691b180dd1d9bf7ba18f34096a32bb59c2282d20b7c,01KZRRGW14X9Y2N7Y1J43BS87F,active,2026-08-23 16:20:11.752004+08,2026-08-23 16:20:11.752004+08
01KZRW4877Z1GGC6GJTVS7J2AP,Leonie,Haag,Stroman,"8297 Crooks Motorway, West Dominic, Illinois",443.462.8894,franchisee-admin,leonie-stroman,6a3d9b79c3c96c4a38195691b180dd1d9bf7ba18f34096a32bb59c2282d20b7c,01KZRRGW14X9Y2N7Y1J43BS87F,active,2026-08-23 16:20:11.752004+08,2026-08-23 16:20:11.752004+08
01KZRW4877E1K1FVC8Z9DHP6KE,Makayla,Rosenbaum,Cartwright,"159 N Cedar Street, Summerville, Georgia",1-624-399-9493 x64715,franchisee-user,makayla-cartwright,6a3d9b79c3c96c4a38195691b180dd1d9bf7ba18f34096a32bb59c2282d20b7c,01KZRRGW14X9Y2N7Y1J43BS87F,active,2026-08-23 16:20:11.752004+08,2026-08-23 16:20:11.752004+08
01KZRW4877RECBHNY9Y9VM9ZRZ,Marta,Leannon,Mills,"6611 Wiegand Points, Fort Nikkicester, Alaska",(822) 544-2916 x604,franchisee-user,marta-mills,6a3d9b79c3c96c4a38195691b180dd1d9bf7ba18f34096a32bb59c2282d20b7c,01KZRRGW14X9Y2N7Y1J43BS87F,active,2026-08-23 16:20:11.752004+08,2026-08-23 16:20:11.752004+08
01KZRW4877X5K4QDEQJ8HJV36S,Julie,Wisozk,White,"1078 3rd Avenue, Toyfurt, Massachusetts",(382) 691-5500 x52788,franchisee-admin,julie-white,6a3d9b79c3c96c4a38195691b180dd1d9bf7ba18f34096a32bb59c2282d20b7c,01KZRRGW14X9Y2N7Y1J43BS87F,active,2026-08-23 16:20:11.752004+08,2026-08-23 16:20:11.752004+08
01KZRW4877XM3HSHJZWNN5DMVE,Demetris,Mitchell,Hettinger,"531 Rodrigo Estate, Pfannerstillboro, New Hampshire",717-784-3427,franchisee-user,demetris-hettinger,6a3d9b79c3c96c4a38195691b180dd1d9bf7ba18f34096a32bb59c2282d20b7c,01KZRRGW146F8C4946XJM2S6EC,active,2026-08-23 16:20:11.752004+08,2026-08-23 16:20:11.752004+08
01KZRW4877H6020WSQ0GV9YAQ5,Effie,Waelchi,Lakin,"28713 N Walnut Street, Ryanfield, Illinois",(942) 213-2230,franchisee-user,effie-lakin,6a3d9b79c3c96c4a38195691b180dd1d9bf7ba18f34096a32bb59c2282d20b7c,01KZRRGW146F8C4946XJM2S6EC,active,2026-08-23 16:20:11.752004+08,2026-08-23 16:20:11.752004+08
01KZRW48774Y44DVZFJV030K96,Laura,Bergstrom,Marks,"280 Station Road, West Agustina, Georgia",(584) 792-6472 x0210,franchisee-admin,laura-marks,6a3d9b79c3c96c4a38195691b180dd1d9bf7ba18f34096a32bb59c2282d20b7c,01KZRRGW146F8C4946XJM2S6EC,active,2026-08-23 16:20:11.752004+08,2026-08-23 16:20:11.752004+08
01KZRW487795H0KSW6AV992VCS,Jarrett,Reinger,Schumm,"4350 Bernice Avenue, Zanefield, Wisconsin",(838) 628-9400,franchisee-user,jarrett-schumm,6a3d9b79c3c96c4a38195691b180dd1d9bf7ba18f34096a32bb59c2282d20b7c,01KZRRGW146F8C4946XJM2S6EC,active,2026-08-23 16:20:11.752004+08,2026-08-23 16:20:11.752004+08
01KZRW4877WQJZ3J1CH35W5XY0,Matilda,Abbott,Tromp,"7765 Kingfisher Close, Hansenfort, Florida",400-650-2323 x49001,franchisee-user,matilda-tromp,6a3d9b79c3c96c4a38195691b180dd1d9bf7ba18f34096a32bb59c2282d20b7c,01KZRRGW146F8C4946XJM2S6EC,active,2026-08-23 16:20:11.752004+08,2026-08-23 16:20:11.752004+08
01KZRW4877JGM1JN0BBQ9YM7WK,Matteo,Hodkiewicz,Reinger-Waelchi,"8807 Betty Cliffs, Fort Jimmie, Washington",1-592-300-7726,franchisee-admin,matteo-reinger-waelchi,6a3d9b79c3c96c4a38195691b180dd1d9bf7ba18f34096a32bb59c2282d20b7c,01KZRRGW14XPKB44H9B6WS515H,active,2026-08-23 16:20:11.752004+08,2026-08-23 16:20:11.752004+08
01KZRW4877A147WBBGMNMTXNA3,Sunny,Pollich,Bailey,"791 Sauer Bypass, Lake Havasu City, Hawaii",(736) 621-9786 x855,franchisee-user,sunny-bailey,6a3d9b79c3c96c4a38195691b180dd1d9bf7ba18f34096a32bb59c2282d20b7c,01KZRRGW14XPKB44H9B6WS515H,active,2026-08-23 16:20:11.752004+08,2026-08-23 16:20:11.752004+08
01KZRW4877WE0F7J1HSG76PWQF,Julia,Weber,Schimmel,"867 Brekke Glens, Hellermouth, Massachusetts",1-351-582-4034 x6897,franchisee-user,julia-schimmel,6a3d9b79c3c96c4a38195691b180dd1d9bf7ba18f34096a32bb59c2282d20b7c,01KZRRGW14XPKB44H9B6WS515H,active,2026-08-23 16:20:11.752004+08,2026-08-23 16:20:11.752004+08
01KZRW48779S54N1CEJC2Y3AZY,Velda,Jast,Hahn,"2417 W Broadway Avenue, Covina, Wyoming",1-876-268-7538,franchisee-admin,velda-hahn,6a3d9b79c3c96c4a38195691b180dd1d9bf7ba18f34096a32bb59c2282d20b7c,01KZRRGW14XPKB44H9B6WS515H,active,2026-08-23 16:20:11.752004+08,2026-08-23 16:20:11.752004+08
01KZRW4877WQZA5NY9SXK8D7Q3,Jamarcus,Kris,Jones,"275 Main Street E, Derrickshire, New Mexico",(730) 843-5538 x56846,franchisee-user,jamarcus-jones,6a3d9b79c3c96c4a38195691b180dd1d9bf7ba18f34096a32bb59c2282d20b7c,01KZRRGW14XPKB44H9B6WS515H,active,2026-08-23 16:20:11.752004+08,2026-08-23 16:20:11.752004+08
01KZRW4877QZNEVFAY7G115HT9,Chester,Kerluke,Morissette,"139 Irving Ridge, Marianamouth, California",946.581.6298 x41916,franchisee-user,chester-morissette,6a3d9b79c3c96c4a38195691b180dd1d9bf7ba18f34096a32bb59c2282d20b7c,01KZRRGW14A7VW9HY70W2ZKDCX,active,2026-08-23 16:20:11.752004+08,2026-08-23 16:20:11.752004+08
01KZRW4877T3KKF85T8W2FJ0J5,Fae,Bailey,Schmeler,"39330 S 3rd Street, Hahnborough, Utah",865-549-3748 x623,franchisee-admin,fae-schmeler,6a3d9b79c3c96c4a38195691b180dd1d9bf7ba18f34096a32bb59c2282d20b7c,01KZRRGW14A7VW9HY70W2ZKDCX,active,2026-08-23 16:20:11.752004+08,2026-08-23 16:20:11.752004+08
01KZRW4877VGS7YRYB4P0A5H4N,Alphonso,Hintz,Hyatt,"3339 Orrin Terrace, Maeganland, Illinois",1-431-451-0281 x96634,franchisee-user,alphonso-hyatt,6a3d9b79c3c96c4a38195691b180dd1d9bf7ba18f34096a32bb59c2282d20b7c,01KZRRGW14A7VW9HY70W2ZKDCX,active,2026-08-23 16:20:11.752004+08,2026-08-23 16:20:11.752004+08
01KZRW4877AZR5K32Y5PAGXHRC,Sterling,Ledner,Dicki,"1734 Darius Greens, Lakeville, Idaho",1-662-702-9468 x913,franchisee-user,sterling-dicki,6a3d9b79c3c96c4a38195691b180dd1d9bf7ba18f34096a32bb59c2282d20b7c,01KZRRGW14A7VW9HY70W2ZKDCX,active,2026-08-23 16:20:11.752004+08,2026-08-23 16:20:11.752004+08
01KZRW48774CQFFFPSV57ZNBPR,Eloisa,Schroeder,Keebler,"63185 N Washington Street, Breitenbergberg, Minnesota",(650) 334-5100 x5841,franchisee-admin,eloisa-keebler,6a3d9b79c3c96c4a38195691b180dd1d9bf7ba18f34096a32bb59c2282d20b7c,01KZRRGW14A7VW9HY70W2ZKDCX,active,2026-08-23 16:20:11.752004+08,2026-08-23 16:20:11.752004+08
01KZRW4877MFF924CSKP3J6WW4,Clemmie,Ullrich,Robel,"35038 Commercial Street, Lake Herminio, Georgia",1-437-629-0881,franchisee-user,clemmie-robel,6a3d9b79c3c96c4a38195691b180dd1d9bf7ba18f34096a32bb59c2282d20b7c,01KZRRGW14WSB3JJJKQDEREKF3,active,2026-08-23 16:20:11.752004+08,2026-08-23 16:20:11.752004+08
01KZRW4877B9B3MX4SDENM2X4F,Guido,Cartwright,Schmitt,"28095 Reichert Ways, South Itzelport, Washington",699.432.1895 x900,franchisee-user,guido-schmitt,6a3d9b79c3c96c4a38195691b180dd1d9bf7ba18f34096a32bb59c2282d20b7c,01KZRRGW14WSB3JJJKQDEREKF3,active,2026-08-23 16:20:11.752004+08,2026-08-23 16:20:11.752004+08
01KZRW4877C3T2MSDMNBQ24EB4,Patrick,Spinka,Hodkiewicz,"38278 Hill Road, Fort Concepcion, Maine",1-660-341-6654,franchisee-admin,patrick-hodkiewicz,6a3d9b79c3c96c4a38195691b180dd1d9bf7ba18f34096a32bb59c2282d20b7c,01KZRRGW14WSB3JJJKQDEREKF3,active,2026-08-23 16:20:11.752004+08,2026-08-23 16:20:11.752004+08
01KZRW4877CATZ1KPW5MYDDBWC,Alfred,McLaughlin,Rau,"682 Aryanna Roads, Fort Palma, Florida",(923) 948-9776 x811,franchisee-user,alfred-rau,6a3d9b79c3c96c4a38195691b180dd1d9bf7ba18f34096a32bb59c2282d20b7c,01KZRRGW14WSB3JJJKQDEREKF3,active,2026-08-23 16:20:11.752004+08,2026-08-23 16:20:11.752004+08
01KZRW487741KD7GWF4QB79EFH,Donna,Hudson,Cremin,"722 Dare Estate, Port Dudley, South Carolina",689.802.8090 x04949,franchisee-user,donna-cremin,6a3d9b79c3c96c4a38195691b180dd1d9bf7ba18f34096a32bb59c2282d20b7c,01KZRRGW14WSB3JJJKQDEREKF3,active,2026-08-23 16:20:11.752004+08,2026-08-23 16:20:11.752004+08
01KZRW4877FZS8TFJN9ZMN5RWV,Camron,Haley,Bauch,"906 Candice Hollow, New Leann, South Dakota",630.901.7318 x3307,franchisee-admin,camron-bauch,6a3d9b79c3c96c4a38195691b180dd1d9bf7ba18f34096a32bb59c2282d20b7c,01KZRRGW147SW8PDR6Z12DT4B9,active,2026-08-23 16:20:11.752004+08,2026-08-23 16:20:11.752004+08
01KZRW48779S7EXPA0TNQWKTA6,Lenore,Goldner,Christiansen,"41101 King Greens, Michaelville, Alaska",(278) 638-2557 x7442,franchisee-user,lenore-christiansen,6a3d9b79c3c96c4a38195691b180dd1d9bf7ba18f34096a32bb59c2282d20b7c,01KZRRGW147SW8PDR6Z12DT4B9,active,2026-08-23 16:20:11.752004+08,2026-08-23 16:20:11.752004+08
01KZRW4877TQ7065A4RCCYE8SH,Jany,Turner,Renner,"573 Stoltenberg Port, Meaghantown, Iowa",1-875-788-4108 x17859,franchisee-user,jany-renner,6a3d9b79c3c96c4a38195691b180dd1d9bf7ba18f34096a32bb59c2282d20b7c,01KZRRGW147SW8PDR6Z12DT4B9,active,2026-08-23 16:20:11.752004+08,2026-08-23 16:20:11.752004+08
01KZRW4877V5PZPAVH7Z3DSPSZ,Jeffrey,Parisian,Miller,"2533 Schumm Orchard, Arcadia, Delaware",1-436-855-5747,franchisee-admin,jeffrey-miller,6a3d9b79c3c96c4a38195691b180dd1d9bf7ba18f34096a32bb59c2282d20b7c,01KZRRGW147SW8PDR6Z12DT4B9,active,2026-08-23 16:20:11.752004+08,2026-08-23 16:20:11.752004+08
01KZRW4877D9R8T6DSGNC22W4X,Caden,Kunze,Ankunding,"62088 Oxford Street, Chapel Hill, Michigan",571-829-9186 x477,franchisee-user,caden-ankunding,6a3d9b79c3c96c4a38195691b180dd1d9bf7ba18f34096a32bb59c2282d20b7c,01KZRRGW147SW8PDR6Z12DT4B9,active,2026-08-23 16:20:11.752004+08,2026-08-23 16:20:11.752004+08
01KZRW4877HTSZDBP5ZKDZNQYA,Norberto,Brakus,Fay-Osinski,"3224 Cielo Motorway, Gilbertville, South Dakota",(438) 564-8887 x25053,franchisee-user,norberto-fay-osinski,6a3d9b79c3c96c4a38195691b180dd1d9bf7ba18f34096a32bb59c2282d20b7c,01KZRRGW14W9JF1K1J0X6X34N8,active,2026-08-23 16:20:11.752004+08,2026-08-23 16:20:11.752004+08
